INSERT INTO Category (id,CATEGORY_NAME)
VALUES (1,'sociosqu');
INSERT INTO Category (id,CATEGORY_NAME)
VALUES (2,'pharetra');
INSERT INTO Category (id,CATEGORY_NAME)
VALUES (3,'Maecenas');
INSERT INTO Category (id,CATEGORY_NAME)
VALUES (4,'ullamcorper,');
INSERT INTO Category (id,CATEGORY_NAME)
VALUES (5,'nunc');
INSERT INTO Category (id,CATEGORY_NAME)
VALUES (6,'at');
INSERT INTO Category (id,CATEGORY_NAME)
VALUES (7,'eu');
INSERT INTO Category (id,CATEGORY_NAME)
VALUES (8,'augue.');
INSERT INTO Category (id,CATEGORY_NAME)
VALUES (9,'ornare,');
INSERT INTO Category (id,CATEGORY_NAME)
VALUES (10,'sit');

INSERT INTO Product (id,PRODUCT_COST,PRODUCT_NAME,CATEGORY_ID)
VALUES (1,6841,'pede',9);
INSERT INTO Product (id,PRODUCT_COST,PRODUCT_NAME,CATEGORY_ID)
VALUES (2,20380,'pretium aliquet,',7);
INSERT INTO Product (id,PRODUCT_COST,PRODUCT_NAME,CATEGORY_ID)
VALUES (3,19531,'Phasellus nulla. Integer',1);
INSERT INTO Product (id,PRODUCT_COST,PRODUCT_NAME,CATEGORY_ID)
VALUES (4,25020,'Aliquam',3);
INSERT INTO Product (id,PRODUCT_COST,PRODUCT_NAME,CATEGORY_ID)
VALUES (5,14418,'ullamcorper magna.',8);
INSERT INTO Product (id,PRODUCT_COST,PRODUCT_NAME,CATEGORY_ID)
VALUES (6,17277,'volutpat. Nulla',5);
INSERT INTO Product (id,PRODUCT_COST,PRODUCT_NAME,CATEGORY_ID)
VALUES (7,3932,'sociosqu',5);
INSERT INTO Product (id,PRODUCT_COST,PRODUCT_NAME,CATEGORY_ID)
VALUES (8,2470,'cursus, diam at',4);
INSERT INTO Product (id,PRODUCT_COST,PRODUCT_NAME,CATEGORY_ID)
VALUES (9,16691,'lorem lorem,',7);
INSERT INTO Product (id,PRODUCT_COST,PRODUCT_NAME,CATEGORY_ID)
VALUES (10,20378,'vitae risus.',2);
INSERT INTO Product (id,PRODUCT_COST,PRODUCT_NAME,CATEGORY_ID)
VALUES (11,21330,'aliquet diam. Sed',3);
INSERT INTO Product (id,PRODUCT_COST,PRODUCT_NAME,CATEGORY_ID)
VALUES (12,24389,'sem. Pellentesque ut',9);
INSERT INTO Product (id,PRODUCT_COST,PRODUCT_NAME,CATEGORY_ID)
VALUES (13,16503,'tincidunt aliquam arcu.',2);
INSERT INTO Product (id,PRODUCT_COST,PRODUCT_NAME,CATEGORY_ID)
VALUES (14,25591,'tellus. Nunc',3);

INSERT INTO Stock (id,QUANTITY,BASE_USER_ID,PRODUCT_ID)
VALUES (1,4,2,11);
INSERT INTO Stock (id,QUANTITY,BASE_USER_ID,PRODUCT_ID)
VALUES (2,4,3,10);
INSERT INTO Stock (id,QUANTITY,BASE_USER_ID,PRODUCT_ID)
VALUES (3,3,1,7);
INSERT INTO Stock (id,QUANTITY,BASE_USER_ID,PRODUCT_ID)
VALUES (4,3,3,11);
INSERT INTO Stock (id,QUANTITY,BASE_USER_ID,PRODUCT_ID)
VALUES (5,5,2,12);
INSERT INTO Stock (id,QUANTITY,BASE_USER_ID,PRODUCT_ID)
VALUES (6,3,1,7);
INSERT INTO Stock (id,QUANTITY,BASE_USER_ID,PRODUCT_ID)
VALUES (7,4,3,7);
INSERT INTO Stock (id,QUANTITY,BASE_USER_ID,PRODUCT_ID)
VALUES (8,4,3,10);
INSERT INTO Stock (id,QUANTITY,BASE_USER_ID,PRODUCT_ID)
VALUES (9,3,2,11);
INSERT INTO Stock (id,QUANTITY,BASE_USER_ID,PRODUCT_ID)
VALUES (10,5,2,13);
INSERT INTO Stock (id,QUANTITY,BASE_USER_ID,PRODUCT_ID)
VALUES (11,5,1,13);
INSERT INTO Stock (id,QUANTITY,BASE_USER_ID,PRODUCT_ID)
VALUES (12,4,2,6);
INSERT INTO Stock (id,QUANTITY,BASE_USER_ID,PRODUCT_ID)
VALUES (13,4,3,13);
INSERT INTO Stock (id,QUANTITY,BASE_USER_ID,PRODUCT_ID)
VALUES (14,4,2,5);
INSERT INTO Stock (id,QUANTITY,BASE_USER_ID,PRODUCT_ID)
VALUES (15,3,2,4);
INSERT INTO Stock (id,QUANTITY,BASE_USER_ID,PRODUCT_ID)
VALUES (16,4,2,11);
INSERT INTO Stock (id,QUANTITY,BASE_USER_ID,PRODUCT_ID)
VALUES (17,4,1,11);
INSERT INTO Stock (id,QUANTITY,BASE_USER_ID,PRODUCT_ID)
VALUES (18,4,1,7);
INSERT INTO Stock (id,QUANTITY,BASE_USER_ID,PRODUCT_ID)
VALUES (19,3,1,7);
INSERT INTO Stock (id,QUANTITY,BASE_USER_ID,PRODUCT_ID)
VALUES (20,3,1,6);
INSERT INTO Stock (id,QUANTITY,BASE_USER_ID,PRODUCT_ID)
VALUES (21,3,1,4);
INSERT INTO Stock (id,QUANTITY,BASE_USER_ID,PRODUCT_ID)
VALUES (22,5,3,9);
INSERT INTO Stock (id,QUANTITY,BASE_USER_ID,PRODUCT_ID)
VALUES (23,5,3,3);
INSERT INTO Stock (id,QUANTITY,BASE_USER_ID,PRODUCT_ID)
VALUES (24,3,3,4);
INSERT INTO Stock (id,QUANTITY,BASE_USER_ID,PRODUCT_ID)
VALUES (25,4,1,9);

INSERT INTO Room (id,CATEGORY_ID)
VALUES (1,1);
INSERT INTO Room (id,CATEGORY_ID)
VALUES (2,2);
INSERT INTO Room (id,CATEGORY_ID)
VALUES (3,3);
INSERT INTO Room (id,CATEGORY_ID)
VALUES (4,4);
INSERT INTO Room (id,CATEGORY_ID)
VALUES (5,5);
INSERT INTO Room (id,CATEGORY_ID)
VALUES (6,6);
INSERT INTO Room (id,CATEGORY_ID)
VALUES (7,7);
INSERT INTO Room (id,CATEGORY_ID)
VALUES (8,8);
INSERT INTO Room (id,CATEGORY_ID)
VALUES (9,9);
INSERT INTO Room (id,CATEGORY_ID)
VALUES (10,10);

INSERT INTO Lot (id,QUANTITY_TO_SELL,STOCK_ID)
VALUES (1,3,14);
INSERT INTO Lot (id,QUANTITY_TO_SELL,STOCK_ID)
VALUES (2,3,24);
INSERT INTO Lot (id,QUANTITY_TO_SELL,STOCK_ID)
VALUES (3,3,9);
INSERT INTO Lot (id,QUANTITY_TO_SELL,STOCK_ID)
VALUES (4,3,13);
INSERT INTO Lot (id,QUANTITY_TO_SELL,STOCK_ID)
VALUES (5,2,22);
INSERT INTO Lot (id,QUANTITY_TO_SELL,STOCK_ID)
VALUES (6,1,22);
INSERT INTO Lot (id,QUANTITY_TO_SELL,STOCK_ID)
VALUES (7,2,17);
INSERT INTO Lot (id,QUANTITY_TO_SELL,STOCK_ID)
VALUES (8,2,2);
INSERT INTO Lot (id,QUANTITY_TO_SELL,STOCK_ID)
VALUES (9,2,10);
INSERT INTO Lot (id,QUANTITY_TO_SELL,STOCK_ID)
VALUES (10,3,12);
INSERT INTO Lot (id,QUANTITY_TO_SELL,STOCK_ID)
VALUES (11,1,23);
INSERT INTO Lot (id,QUANTITY_TO_SELL,STOCK_ID)
VALUES (12,2,16);
INSERT INTO Lot (id,QUANTITY_TO_SELL,STOCK_ID)
VALUES (13,3,19);
INSERT INTO Lot (id,QUANTITY_TO_SELL,STOCK_ID)
VALUES (14,3,1);
INSERT INTO Lot (id,QUANTITY_TO_SELL,STOCK_ID)
VALUES (15,2,16);
INSERT INTO Lot (id,QUANTITY_TO_SELL,STOCK_ID)
VALUES (16,1,18);
INSERT INTO Lot (id,QUANTITY_TO_SELL,STOCK_ID)
VALUES (17,1,4);
INSERT INTO Lot (id,QUANTITY_TO_SELL,STOCK_ID)
VALUES (18,2,4);
INSERT INTO Lot (id,QUANTITY_TO_SELL,STOCK_ID)
VALUES (19,3,11);
INSERT INTO Lot (id,QUANTITY_TO_SELL,STOCK_ID)
VALUES (20,2,9);
INSERT INTO Lot (id,QUANTITY_TO_SELL,STOCK_ID)
VALUES (21,1,21);
INSERT INTO Lot (id,QUANTITY_TO_SELL,STOCK_ID)
VALUES (22,1,18);
INSERT INTO Lot (id,QUANTITY_TO_SELL,STOCK_ID)
VALUES (23,3,8);
INSERT INTO Lot (id,QUANTITY_TO_SELL,STOCK_ID)
VALUES (24,3,24);
INSERT INTO Lot (id,QUANTITY_TO_SELL,STOCK_ID)
VALUES (25,3,15);
INSERT INTO Lot (id,QUANTITY_TO_SELL,STOCK_ID)
VALUES (26,3,13);
INSERT INTO Lot (id,QUANTITY_TO_SELL,STOCK_ID)
VALUES (27,2,2);
INSERT INTO Lot (id,QUANTITY_TO_SELL,STOCK_ID)
VALUES (28,2,16);
INSERT INTO Lot (id,QUANTITY_TO_SELL,STOCK_ID)
VALUES (29,3,19);
INSERT INTO Lot (id,QUANTITY_TO_SELL,STOCK_ID)
VALUES (30,1,5);
INSERT INTO Lot (id,QUANTITY_TO_SELL,STOCK_ID)
VALUES (31,2,1);
INSERT INTO Lot (id,QUANTITY_TO_SELL,STOCK_ID)
VALUES (32,2,12);
INSERT INTO Lot (id,QUANTITY_TO_SELL,STOCK_ID)
VALUES (33,3,9);
INSERT INTO Lot (id,QUANTITY_TO_SELL,STOCK_ID)
VALUES (34,2,20);
INSERT INTO Lot (id,QUANTITY_TO_SELL,STOCK_ID)
VALUES (35,3,17);
INSERT INTO Lot (id,QUANTITY_TO_SELL,STOCK_ID)
VALUES (36,2,17);
INSERT INTO Lot (id,QUANTITY_TO_SELL,STOCK_ID)
VALUES (37,1,11);
INSERT INTO Lot (id,QUANTITY_TO_SELL,STOCK_ID)
VALUES (38,3,18);
INSERT INTO Lot (id,QUANTITY_TO_SELL,STOCK_ID)
VALUES (39,2,19);
INSERT INTO Lot (id,QUANTITY_TO_SELL,STOCK_ID)
VALUES (40,3,13);

INSERT INTO Sale (ID,END_TSTAMP,LIMITED,MULTIPLE_OFFER,REVOCABLE,SALE_TYPE,START_PRICE,START_TSTAMP,LOT_ID)
VALUES (1,TO_TIMESTAMP('2021-05-04 01:35:30', 'YYYY-MM-DD HH24:MI:SS'),1,0,0,'UP',37953,TO_TIMESTAMP('2021-04-28 18:15:03', 'YYYY-MM-DD HH24:MI:SS'),12);
INSERT INTO Sale (ID,END_TSTAMP,LIMITED,MULTIPLE_OFFER,REVOCABLE,SALE_TYPE,START_PRICE,START_TSTAMP,LOT_ID)
VALUES (2,TO_TIMESTAMP('2021-05-06 09:16:33', 'YYYY-MM-DD HH24:MI:SS'),1,0,0,'DOWN',28120,TO_TIMESTAMP('2021-04-26 13:04:56', 'YYYY-MM-DD HH24:MI:SS'),15);
INSERT INTO Sale (ID,END_TSTAMP,LIMITED,MULTIPLE_OFFER,REVOCABLE,SALE_TYPE,START_PRICE,START_TSTAMP,LOT_ID)
VALUES (3,TO_TIMESTAMP('2021-05-03 15:05:10', 'YYYY-MM-DD HH24:MI:SS'),1,0,1,'DOWN',1752,TO_TIMESTAMP('2021-04-28 16:09:02', 'YYYY-MM-DD HH24:MI:SS'),25);
INSERT INTO Sale (ID,END_TSTAMP,LIMITED,MULTIPLE_OFFER,REVOCABLE,SALE_TYPE,START_PRICE,START_TSTAMP,LOT_ID)
VALUES (4,TO_TIMESTAMP('2021-05-04 18:18:37', 'YYYY-MM-DD HH24:MI:SS'),0,1,1,'UP',22594,TO_TIMESTAMP('2021-04-26 20:06:48', 'YYYY-MM-DD HH24:MI:SS'),2);
INSERT INTO Sale (ID,END_TSTAMP,LIMITED,MULTIPLE_OFFER,REVOCABLE,SALE_TYPE,START_PRICE,START_TSTAMP,LOT_ID)
VALUES (5,TO_TIMESTAMP('2021-05-06 12:35:36', 'YYYY-MM-DD HH24:MI:SS'),1,1,0,'DOWN',37696,TO_TIMESTAMP('2021-04-29 07:30:42', 'YYYY-MM-DD HH24:MI:SS'),12);
INSERT INTO Sale (ID,END_TSTAMP,LIMITED,MULTIPLE_OFFER,REVOCABLE,SALE_TYPE,START_PRICE,START_TSTAMP,LOT_ID)
VALUES (6,TO_TIMESTAMP('2021-05-04 04:59:44', 'YYYY-MM-DD HH24:MI:SS'),1,0,0,'DOWN',31570,TO_TIMESTAMP('2021-04-29 05:04:45', 'YYYY-MM-DD HH24:MI:SS'),14);
INSERT INTO Sale (ID,END_TSTAMP,LIMITED,MULTIPLE_OFFER,REVOCABLE,SALE_TYPE,START_PRICE,START_TSTAMP,LOT_ID)
VALUES (7,TO_TIMESTAMP('2021-05-03 10:18:48', 'YYYY-MM-DD HH24:MI:SS'),0,1,0,'UP',34893,TO_TIMESTAMP('2021-04-30 04:03:07', 'YYYY-MM-DD HH24:MI:SS'),38);
INSERT INTO Sale (ID,END_TSTAMP,LIMITED,MULTIPLE_OFFER,REVOCABLE,SALE_TYPE,START_PRICE,START_TSTAMP,LOT_ID)
VALUES (8,TO_TIMESTAMP('2021-05-03 12:36:29', 'YYYY-MM-DD HH24:MI:SS'),0,1,0,'DOWN',22549,TO_TIMESTAMP('2021-04-29 10:14:28', 'YYYY-MM-DD HH24:MI:SS'),23);
INSERT INTO Sale (ID,END_TSTAMP,LIMITED,MULTIPLE_OFFER,REVOCABLE,SALE_TYPE,START_PRICE,START_TSTAMP,LOT_ID)
VALUES (9,TO_TIMESTAMP('2021-05-04 08:14:57', 'YYYY-MM-DD HH24:MI:SS'),1,1,0,'DOWN',26567,TO_TIMESTAMP('2021-04-27 15:12:33', 'YYYY-MM-DD HH24:MI:SS'),6);
INSERT INTO Sale (ID,END_TSTAMP,LIMITED,MULTIPLE_OFFER,REVOCABLE,SALE_TYPE,START_PRICE,START_TSTAMP,LOT_ID)
VALUES (10,TO_TIMESTAMP('2021-05-04 02:04:26', 'YYYY-MM-DD HH24:MI:SS'),1,0,1,'UP',3623,TO_TIMESTAMP('2021-04-26 17:32:28', 'YYYY-MM-DD HH24:MI:SS'),15);
INSERT INTO Sale (ID,END_TSTAMP,LIMITED,MULTIPLE_OFFER,REVOCABLE,SALE_TYPE,START_PRICE,START_TSTAMP,LOT_ID)
VALUES (11,TO_TIMESTAMP('2021-05-06 11:03:00', 'YYYY-MM-DD HH24:MI:SS'),1,0,1,'UP',27492,TO_TIMESTAMP('2021-04-26 17:19:37', 'YYYY-MM-DD HH24:MI:SS'),4);
INSERT INTO Sale (ID,END_TSTAMP,LIMITED,MULTIPLE_OFFER,REVOCABLE,SALE_TYPE,START_PRICE,START_TSTAMP,LOT_ID)
VALUES (12,TO_TIMESTAMP('2021-05-03 13:14:17', 'YYYY-MM-DD HH24:MI:SS'),1,1,0,'DOWN',36293,TO_TIMESTAMP('2021-04-28 13:53:41', 'YYYY-MM-DD HH24:MI:SS'),27);
INSERT INTO Sale (ID,END_TSTAMP,LIMITED,MULTIPLE_OFFER,REVOCABLE,SALE_TYPE,START_PRICE,START_TSTAMP,LOT_ID)
VALUES (13,TO_TIMESTAMP('2021-05-05 00:00:06', 'YYYY-MM-DD HH24:MI:SS'),1,1,0,'DOWN',28833,TO_TIMESTAMP('2021-04-26 08:35:52', 'YYYY-MM-DD HH24:MI:SS'),1);
INSERT INTO Sale (ID,END_TSTAMP,LIMITED,MULTIPLE_OFFER,REVOCABLE,SALE_TYPE,START_PRICE,START_TSTAMP,LOT_ID)
VALUES (14,TO_TIMESTAMP('2021-05-03 21:02:19', 'YYYY-MM-DD HH24:MI:SS'),0,0,1,'DOWN',17440,TO_TIMESTAMP('2021-04-30 11:52:42', 'YYYY-MM-DD HH24:MI:SS'),40);
INSERT INTO Sale (ID,END_TSTAMP,LIMITED,MULTIPLE_OFFER,REVOCABLE,SALE_TYPE,START_PRICE,START_TSTAMP,LOT_ID)
VALUES (15,TO_TIMESTAMP('2021-05-04 21:20:02', 'YYYY-MM-DD HH24:MI:SS'),1,1,0,'DOWN',39899,TO_TIMESTAMP('2021-04-26 05:29:29', 'YYYY-MM-DD HH24:MI:SS'),28);
INSERT INTO Sale (ID,END_TSTAMP,LIMITED,MULTIPLE_OFFER,REVOCABLE,SALE_TYPE,START_PRICE,START_TSTAMP,LOT_ID)
VALUES (16,TO_TIMESTAMP('2021-05-04 03:38:35', 'YYYY-MM-DD HH24:MI:SS'),1,1,0,'UP',26840,TO_TIMESTAMP('2021-04-26 15:22:26', 'YYYY-MM-DD HH24:MI:SS'),37);
INSERT INTO Sale (ID,END_TSTAMP,LIMITED,MULTIPLE_OFFER,REVOCABLE,SALE_TYPE,START_PRICE,START_TSTAMP,LOT_ID)
VALUES (17,TO_TIMESTAMP('2021-05-06 12:53:53', 'YYYY-MM-DD HH24:MI:SS'),0,1,1,'DOWN',10098,TO_TIMESTAMP('2021-04-28 05:45:04', 'YYYY-MM-DD HH24:MI:SS'),5);
INSERT INTO Sale (ID,END_TSTAMP,LIMITED,MULTIPLE_OFFER,REVOCABLE,SALE_TYPE,START_PRICE,START_TSTAMP,LOT_ID)
VALUES (18,TO_TIMESTAMP('2021-05-04 20:50:19', 'YYYY-MM-DD HH24:MI:SS'),0,1,1,'DOWN',15658,TO_TIMESTAMP('2021-04-29 17:45:45', 'YYYY-MM-DD HH24:MI:SS'),39);
INSERT INTO Sale (ID,END_TSTAMP,LIMITED,MULTIPLE_OFFER,REVOCABLE,SALE_TYPE,START_PRICE,START_TSTAMP,LOT_ID)
VALUES (19,TO_TIMESTAMP('2021-05-04 17:02:08', 'YYYY-MM-DD HH24:MI:SS'),1,1,0,'DOWN',24263,TO_TIMESTAMP('2021-04-27 00:29:23', 'YYYY-MM-DD HH24:MI:SS'),14);
INSERT INTO Sale (ID,END_TSTAMP,LIMITED,MULTIPLE_OFFER,REVOCABLE,SALE_TYPE,START_PRICE,START_TSTAMP,LOT_ID)
VALUES (20,TO_TIMESTAMP('2021-05-03 17:36:09', 'YYYY-MM-DD HH24:MI:SS'),1,0,1,'UP',2119,TO_TIMESTAMP('2021-04-29 17:47:00', 'YYYY-MM-DD HH24:MI:SS'),7);
INSERT INTO Sale (ID,END_TSTAMP,LIMITED,MULTIPLE_OFFER,REVOCABLE,SALE_TYPE,START_PRICE,START_TSTAMP,LOT_ID)
VALUES (21,TO_TIMESTAMP('2021-05-03 07:57:30', 'YYYY-MM-DD HH24:MI:SS'),1,1,1,'DOWN',39810,TO_TIMESTAMP('2021-04-25 21:03:54', 'YYYY-MM-DD HH24:MI:SS'),7);
INSERT INTO Sale (ID,END_TSTAMP,LIMITED,MULTIPLE_OFFER,REVOCABLE,SALE_TYPE,START_PRICE,START_TSTAMP,LOT_ID)
VALUES (22,TO_TIMESTAMP('2021-05-04 20:33:31', 'YYYY-MM-DD HH24:MI:SS'),0,1,1,'DOWN',40362,TO_TIMESTAMP('2021-04-28 14:38:33', 'YYYY-MM-DD HH24:MI:SS'),37);
INSERT INTO Sale (ID,END_TSTAMP,LIMITED,MULTIPLE_OFFER,REVOCABLE,SALE_TYPE,START_PRICE,START_TSTAMP,LOT_ID)
VALUES (23,TO_TIMESTAMP('2021-05-03 05:41:06', 'YYYY-MM-DD HH24:MI:SS'),0,0,1,'UP',43995,TO_TIMESTAMP('2021-04-27 00:09:47', 'YYYY-MM-DD HH24:MI:SS'),10);
INSERT INTO Sale (ID,END_TSTAMP,LIMITED,MULTIPLE_OFFER,REVOCABLE,SALE_TYPE,START_PRICE,START_TSTAMP,LOT_ID)
VALUES (24,TO_TIMESTAMP('2021-05-03 00:51:55', 'YYYY-MM-DD HH24:MI:SS'),1,0,1,'DOWN',742,TO_TIMESTAMP('2021-04-30 02:09:47', 'YYYY-MM-DD HH24:MI:SS'),15);
INSERT INTO Sale (ID,END_TSTAMP,LIMITED,MULTIPLE_OFFER,REVOCABLE,SALE_TYPE,START_PRICE,START_TSTAMP,LOT_ID)
VALUES (25,TO_TIMESTAMP('2021-05-04 20:23:06', 'YYYY-MM-DD HH24:MI:SS'),0,1,0,'UP',12867,TO_TIMESTAMP('2021-04-26 16:40:15', 'YYYY-MM-DD HH24:MI:SS'),31);
INSERT INTO Sale (ID,END_TSTAMP,LIMITED,MULTIPLE_OFFER,REVOCABLE,SALE_TYPE,START_PRICE,START_TSTAMP,LOT_ID)
VALUES (26,TO_TIMESTAMP('2021-05-05 04:27:27', 'YYYY-MM-DD HH24:MI:SS'),0,0,0,'UP',5101,TO_TIMESTAMP('2021-04-25 22:53:52', 'YYYY-MM-DD HH24:MI:SS'),36);
INSERT INTO Sale (ID,END_TSTAMP,LIMITED,MULTIPLE_OFFER,REVOCABLE,SALE_TYPE,START_PRICE,START_TSTAMP,LOT_ID)
VALUES (27,TO_TIMESTAMP('2021-05-03 23:15:46', 'YYYY-MM-DD HH24:MI:SS'),0,1,1,'DOWN',1360,TO_TIMESTAMP('2021-04-30 07:59:47', 'YYYY-MM-DD HH24:MI:SS'),2);
INSERT INTO Sale (ID,END_TSTAMP,LIMITED,MULTIPLE_OFFER,REVOCABLE,SALE_TYPE,START_PRICE,START_TSTAMP,LOT_ID)
VALUES (28,TO_TIMESTAMP('2021-05-06 12:03:31', 'YYYY-MM-DD HH24:MI:SS'),1,1,1,'UP',10803,TO_TIMESTAMP('2021-04-28 21:56:59', 'YYYY-MM-DD HH24:MI:SS'),31);
INSERT INTO Sale (ID,END_TSTAMP,LIMITED,MULTIPLE_OFFER,REVOCABLE,SALE_TYPE,START_PRICE,START_TSTAMP,LOT_ID)
VALUES (29,TO_TIMESTAMP('2021-05-04 06:18:46', 'YYYY-MM-DD HH24:MI:SS'),0,0,0,'UP',38927,TO_TIMESTAMP('2021-04-27 10:59:26', 'YYYY-MM-DD HH24:MI:SS'),16);
INSERT INTO Sale (ID,END_TSTAMP,LIMITED,MULTIPLE_OFFER,REVOCABLE,SALE_TYPE,START_PRICE,START_TSTAMP,LOT_ID)
VALUES (30,TO_TIMESTAMP('2021-05-04 08:55:06', 'YYYY-MM-DD HH24:MI:SS'),1,0,1,'DOWN',9715,TO_TIMESTAMP('2021-04-26 18:06:27', 'YYYY-MM-DD HH24:MI:SS'),3);
INSERT INTO Sale (ID,END_TSTAMP,LIMITED,MULTIPLE_OFFER,REVOCABLE,SALE_TYPE,START_PRICE,START_TSTAMP,LOT_ID)
VALUES (31,TO_TIMESTAMP('2021-05-03 05:32:30', 'YYYY-MM-DD HH24:MI:SS'),1,1,1,'DOWN',45404,TO_TIMESTAMP('2021-04-30 09:20:15', 'YYYY-MM-DD HH24:MI:SS'),28);
INSERT INTO Sale (ID,END_TSTAMP,LIMITED,MULTIPLE_OFFER,REVOCABLE,SALE_TYPE,START_PRICE,START_TSTAMP,LOT_ID)
VALUES (32,TO_TIMESTAMP('2021-05-05 19:14:56', 'YYYY-MM-DD HH24:MI:SS'),1,0,1,'DOWN',36436,TO_TIMESTAMP('2021-04-30 13:01:41', 'YYYY-MM-DD HH24:MI:SS'),14);
INSERT INTO Sale (ID,END_TSTAMP,LIMITED,MULTIPLE_OFFER,REVOCABLE,SALE_TYPE,START_PRICE,START_TSTAMP,LOT_ID)
VALUES (33,TO_TIMESTAMP('2021-05-03 12:57:30', 'YYYY-MM-DD HH24:MI:SS'),0,0,1,'UP',14594,TO_TIMESTAMP('2021-04-27 15:11:14', 'YYYY-MM-DD HH24:MI:SS'),32);
INSERT INTO Sale (ID,END_TSTAMP,LIMITED,MULTIPLE_OFFER,REVOCABLE,SALE_TYPE,START_PRICE,START_TSTAMP,LOT_ID)
VALUES (34,TO_TIMESTAMP('2021-05-05 19:10:01', 'YYYY-MM-DD HH24:MI:SS'),0,1,1,'DOWN',21679,TO_TIMESTAMP('2021-04-28 21:22:06', 'YYYY-MM-DD HH24:MI:SS'),2);
INSERT INTO Sale (ID,END_TSTAMP,LIMITED,MULTIPLE_OFFER,REVOCABLE,SALE_TYPE,START_PRICE,START_TSTAMP,LOT_ID)
VALUES (35,TO_TIMESTAMP('2021-05-04 21:54:35', 'YYYY-MM-DD HH24:MI:SS'),1,1,1,'DOWN',26588,TO_TIMESTAMP('2021-04-27 19:05:12', 'YYYY-MM-DD HH24:MI:SS'),32);
INSERT INTO Sale (ID,END_TSTAMP,LIMITED,MULTIPLE_OFFER,REVOCABLE,SALE_TYPE,START_PRICE,START_TSTAMP,LOT_ID)
VALUES (36,TO_TIMESTAMP('2021-05-04 14:26:22', 'YYYY-MM-DD HH24:MI:SS'),1,1,0,'DOWN',38730,TO_TIMESTAMP('2021-04-30 04:49:12', 'YYYY-MM-DD HH24:MI:SS'),15);
INSERT INTO Sale (ID,END_TSTAMP,LIMITED,MULTIPLE_OFFER,REVOCABLE,SALE_TYPE,START_PRICE,START_TSTAMP,LOT_ID)
VALUES (37,TO_TIMESTAMP('2021-05-04 05:31:57', 'YYYY-MM-DD HH24:MI:SS'),0,1,1,'UP',4986,TO_TIMESTAMP('2021-04-30 00:42:31', 'YYYY-MM-DD HH24:MI:SS'),38);
INSERT INTO Sale (ID,END_TSTAMP,LIMITED,MULTIPLE_OFFER,REVOCABLE,SALE_TYPE,START_PRICE,START_TSTAMP,LOT_ID)
VALUES (38,TO_TIMESTAMP('2021-05-05 07:19:42', 'YYYY-MM-DD HH24:MI:SS'),1,1,0,'DOWN',45900,TO_TIMESTAMP('2021-04-30 05:32:47', 'YYYY-MM-DD HH24:MI:SS'),34);
INSERT INTO Sale (ID,END_TSTAMP,LIMITED,MULTIPLE_OFFER,REVOCABLE,SALE_TYPE,START_PRICE,START_TSTAMP,LOT_ID)
VALUES (39,TO_TIMESTAMP('2021-05-06 10:36:57', 'YYYY-MM-DD HH24:MI:SS'),1,0,0,'UP',7823,TO_TIMESTAMP('2021-04-26 14:49:19', 'YYYY-MM-DD HH24:MI:SS'),19);
INSERT INTO Sale (ID,END_TSTAMP,LIMITED,MULTIPLE_OFFER,REVOCABLE,SALE_TYPE,START_PRICE,START_TSTAMP,LOT_ID)
VALUES (40,TO_TIMESTAMP('2021-05-04 14:15:55', 'YYYY-MM-DD HH24:MI:SS'),0,0,0,'DOWN',22583,TO_TIMESTAMP('2021-04-27 20:25:55', 'YYYY-MM-DD HH24:MI:SS'),30);
INSERT INTO Sale (ID,END_TSTAMP,LIMITED,MULTIPLE_OFFER,REVOCABLE,SALE_TYPE,START_PRICE,START_TSTAMP,LOT_ID)
VALUES (41,TO_TIMESTAMP('2021-05-04 04:23:45', 'YYYY-MM-DD HH24:MI:SS'),0,0,0,'UP',40550,TO_TIMESTAMP('2021-04-26 12:48:02', 'YYYY-MM-DD HH24:MI:SS'),32);
INSERT INTO Sale (ID,END_TSTAMP,LIMITED,MULTIPLE_OFFER,REVOCABLE,SALE_TYPE,START_PRICE,START_TSTAMP,LOT_ID)
VALUES (42,TO_TIMESTAMP('2021-05-04 12:09:50', 'YYYY-MM-DD HH24:MI:SS'),0,1,1,'DOWN',35718,TO_TIMESTAMP('2021-04-28 19:01:14', 'YYYY-MM-DD HH24:MI:SS'),5);
INSERT INTO Sale (ID,END_TSTAMP,LIMITED,MULTIPLE_OFFER,REVOCABLE,SALE_TYPE,START_PRICE,START_TSTAMP,LOT_ID)
VALUES (43,TO_TIMESTAMP('2021-05-06 03:26:54', 'YYYY-MM-DD HH24:MI:SS'),0,0,0,'UP',29526,TO_TIMESTAMP('2021-04-26 05:52:11', 'YYYY-MM-DD HH24:MI:SS'),5);
INSERT INTO Sale (ID,END_TSTAMP,LIMITED,MULTIPLE_OFFER,REVOCABLE,SALE_TYPE,START_PRICE,START_TSTAMP,LOT_ID)
VALUES (44,TO_TIMESTAMP('2021-05-03 16:34:40', 'YYYY-MM-DD HH24:MI:SS'),0,1,0,'DOWN',17628,TO_TIMESTAMP('2021-04-30 06:20:15', 'YYYY-MM-DD HH24:MI:SS'),37);
INSERT INTO Sale (ID,END_TSTAMP,LIMITED,MULTIPLE_OFFER,REVOCABLE,SALE_TYPE,START_PRICE,START_TSTAMP,LOT_ID)
VALUES (45,TO_TIMESTAMP('2021-05-03 21:47:07', 'YYYY-MM-DD HH24:MI:SS'),0,1,0,'UP',38898,TO_TIMESTAMP('2021-04-30 09:59:07', 'YYYY-MM-DD HH24:MI:SS'),34);
INSERT INTO Sale (ID,END_TSTAMP,LIMITED,MULTIPLE_OFFER,REVOCABLE,SALE_TYPE,START_PRICE,START_TSTAMP,LOT_ID)
VALUES (46,TO_TIMESTAMP('2021-05-06 11:58:47', 'YYYY-MM-DD HH24:MI:SS'),1,0,1,'UP',36131,TO_TIMESTAMP('2021-04-26 08:55:41', 'YYYY-MM-DD HH24:MI:SS'),33);
INSERT INTO Sale (ID,END_TSTAMP,LIMITED,MULTIPLE_OFFER,REVOCABLE,SALE_TYPE,START_PRICE,START_TSTAMP,LOT_ID)
VALUES (47,TO_TIMESTAMP('2021-05-05 10:56:48', 'YYYY-MM-DD HH24:MI:SS'),0,0,0,'DOWN',34838,TO_TIMESTAMP('2021-04-30 14:33:31', 'YYYY-MM-DD HH24:MI:SS'),17);
INSERT INTO Sale (ID,END_TSTAMP,LIMITED,MULTIPLE_OFFER,REVOCABLE,SALE_TYPE,START_PRICE,START_TSTAMP,LOT_ID)
VALUES (48,TO_TIMESTAMP('2021-05-03 17:06:10', 'YYYY-MM-DD HH24:MI:SS'),1,0,1,'UP',18906,TO_TIMESTAMP('2021-04-25 22:07:55', 'YYYY-MM-DD HH24:MI:SS'),5);
INSERT INTO Sale (ID,END_TSTAMP,LIMITED,MULTIPLE_OFFER,REVOCABLE,SALE_TYPE,START_PRICE,START_TSTAMP,LOT_ID)
VALUES (49,TO_TIMESTAMP('2021-05-05 16:28:26', 'YYYY-MM-DD HH24:MI:SS'),1,1,1,'DOWN',45216,TO_TIMESTAMP('2021-04-28 14:26:53', 'YYYY-MM-DD HH24:MI:SS'),18);
INSERT INTO Sale (ID,END_TSTAMP,LIMITED,MULTIPLE_OFFER,REVOCABLE,SALE_TYPE,START_PRICE,START_TSTAMP,LOT_ID)
VALUES (50,TO_TIMESTAMP('2021-05-03 08:37:44', 'YYYY-MM-DD HH24:MI:SS'),1,0,1,'DOWN',13657,TO_TIMESTAMP('2021-04-29 02:19:29', 'YYYY-MM-DD HH24:MI:SS'),20);
INSERT INTO Sale (ID,END_TSTAMP,LIMITED,MULTIPLE_OFFER,REVOCABLE,SALE_TYPE,START_PRICE,START_TSTAMP,LOT_ID)
VALUES (51,TO_TIMESTAMP('2021-05-05 00:46:51', 'YYYY-MM-DD HH24:MI:SS'),0,1,1,'UP',46154,TO_TIMESTAMP('2021-04-29 04:38:16', 'YYYY-MM-DD HH24:MI:SS'),31);
INSERT INTO Sale (ID,END_TSTAMP,LIMITED,MULTIPLE_OFFER,REVOCABLE,SALE_TYPE,START_PRICE,START_TSTAMP,LOT_ID)
VALUES (52,TO_TIMESTAMP('2021-05-03 20:40:32', 'YYYY-MM-DD HH24:MI:SS'),1,0,0,'DOWN',19279,TO_TIMESTAMP('2021-04-26 15:03:48', 'YYYY-MM-DD HH24:MI:SS'),16);
INSERT INTO Sale (ID,END_TSTAMP,LIMITED,MULTIPLE_OFFER,REVOCABLE,SALE_TYPE,START_PRICE,START_TSTAMP,LOT_ID)
VALUES (53,TO_TIMESTAMP('2021-05-05 01:27:31', 'YYYY-MM-DD HH24:MI:SS'),0,1,0,'DOWN',33192,TO_TIMESTAMP('2021-04-29 22:22:24', 'YYYY-MM-DD HH24:MI:SS'),3);
INSERT INTO Sale (ID,END_TSTAMP,LIMITED,MULTIPLE_OFFER,REVOCABLE,SALE_TYPE,START_PRICE,START_TSTAMP,LOT_ID)
VALUES (54,TO_TIMESTAMP('2021-05-04 16:30:18', 'YYYY-MM-DD HH24:MI:SS'),1,0,1,'DOWN',46512,TO_TIMESTAMP('2021-04-28 09:16:59', 'YYYY-MM-DD HH24:MI:SS'),37);
INSERT INTO Sale (ID,END_TSTAMP,LIMITED,MULTIPLE_OFFER,REVOCABLE,SALE_TYPE,START_PRICE,START_TSTAMP,LOT_ID)
VALUES (55,TO_TIMESTAMP('2021-05-06 09:46:15', 'YYYY-MM-DD HH24:MI:SS'),0,0,1,'UP',33132,TO_TIMESTAMP('2021-04-26 02:49:21', 'YYYY-MM-DD HH24:MI:SS'),28);
INSERT INTO Sale (ID,END_TSTAMP,LIMITED,MULTIPLE_OFFER,REVOCABLE,SALE_TYPE,START_PRICE,START_TSTAMP,LOT_ID)
VALUES (56,TO_TIMESTAMP('2021-05-02 21:46:03', 'YYYY-MM-DD HH24:MI:SS'),0,1,0,'UP',47374,TO_TIMESTAMP('2021-04-26 05:57:04', 'YYYY-MM-DD HH24:MI:SS'),7);
INSERT INTO Sale (ID,END_TSTAMP,LIMITED,MULTIPLE_OFFER,REVOCABLE,SALE_TYPE,START_PRICE,START_TSTAMP,LOT_ID)
VALUES (57,TO_TIMESTAMP('2021-05-03 09:31:41', 'YYYY-MM-DD HH24:MI:SS'),1,1,1,'DOWN',23485,TO_TIMESTAMP('2021-04-26 10:01:45', 'YYYY-MM-DD HH24:MI:SS'),4);
INSERT INTO Sale (ID,END_TSTAMP,LIMITED,MULTIPLE_OFFER,REVOCABLE,SALE_TYPE,START_PRICE,START_TSTAMP,LOT_ID)
VALUES (58,TO_TIMESTAMP('2021-05-06 11:24:26', 'YYYY-MM-DD HH24:MI:SS'),0,1,0,'UP',13475,TO_TIMESTAMP('2021-04-26 09:01:52', 'YYYY-MM-DD HH24:MI:SS'),4);
INSERT INTO Sale (ID,END_TSTAMP,LIMITED,MULTIPLE_OFFER,REVOCABLE,SALE_TYPE,START_PRICE,START_TSTAMP,LOT_ID)
VALUES (59,TO_TIMESTAMP('2021-05-05 20:25:08', 'YYYY-MM-DD HH24:MI:SS'),0,0,1,'UP',1188,TO_TIMESTAMP('2021-04-26 02:19:03', 'YYYY-MM-DD HH24:MI:SS'),13);
INSERT INTO Sale (ID,END_TSTAMP,LIMITED,MULTIPLE_OFFER,REVOCABLE,SALE_TYPE,START_PRICE,START_TSTAMP,LOT_ID)
VALUES (60,TO_TIMESTAMP('2021-05-05 20:36:19', 'YYYY-MM-DD HH24:MI:SS'),1,1,1,'DOWN',20181,TO_TIMESTAMP('2021-04-29 05:58:59', 'YYYY-MM-DD HH24:MI:SS'),37);

INSERT INTO room_sales (ROOM_ID,SALES_ID)
VALUES (8,1);
INSERT INTO room_sales (ROOM_ID,SALES_ID)
VALUES (2,2);
INSERT INTO room_sales (ROOM_ID,SALES_ID)
VALUES (9,3);
INSERT INTO room_sales (ROOM_ID,SALES_ID)
VALUES (7,4);
INSERT INTO room_sales (ROOM_ID,SALES_ID)
VALUES (7,5);
INSERT INTO room_sales (ROOM_ID,SALES_ID)
VALUES (3,6);
INSERT INTO room_sales (ROOM_ID,SALES_ID)
VALUES (7,7);
INSERT INTO room_sales (ROOM_ID,SALES_ID)
VALUES (3,8);
INSERT INTO room_sales (ROOM_ID,SALES_ID)
VALUES (6,9);
INSERT INTO room_sales (ROOM_ID,SALES_ID)
VALUES (8,10);
INSERT INTO room_sales (ROOM_ID,SALES_ID)
VALUES (7,11);
INSERT INTO room_sales (ROOM_ID,SALES_ID)
VALUES (8,12);
INSERT INTO room_sales (ROOM_ID,SALES_ID)
VALUES (4,13);
INSERT INTO room_sales (ROOM_ID,SALES_ID)
VALUES (3,14);
INSERT INTO room_sales (ROOM_ID,SALES_ID)
VALUES (4,15);
INSERT INTO room_sales (ROOM_ID,SALES_ID)
VALUES (8,16);
INSERT INTO room_sales (ROOM_ID,SALES_ID)
VALUES (2,17);
INSERT INTO room_sales (ROOM_ID,SALES_ID)
VALUES (8,18);
INSERT INTO room_sales (ROOM_ID,SALES_ID)
VALUES (8,19);
INSERT INTO room_sales (ROOM_ID,SALES_ID)
VALUES (1,20);
INSERT INTO room_sales (ROOM_ID,SALES_ID)
VALUES (9,21);
INSERT INTO room_sales (ROOM_ID,SALES_ID)
VALUES (3,22);
INSERT INTO room_sales (ROOM_ID,SALES_ID)
VALUES (4,23);
INSERT INTO room_sales (ROOM_ID,SALES_ID)
VALUES (5,24);
INSERT INTO room_sales (ROOM_ID,SALES_ID)
VALUES (5,25);
INSERT INTO room_sales (ROOM_ID,SALES_ID)
VALUES (3,26);
INSERT INTO room_sales (ROOM_ID,SALES_ID)
VALUES (3,27);
INSERT INTO room_sales (ROOM_ID,SALES_ID)
VALUES (3,28);
INSERT INTO room_sales (ROOM_ID,SALES_ID)
VALUES (7,29);
INSERT INTO room_sales (ROOM_ID,SALES_ID)
VALUES (2,30);
INSERT INTO room_sales (ROOM_ID,SALES_ID)
VALUES (4,31);
INSERT INTO room_sales (ROOM_ID,SALES_ID)
VALUES (3,32);
INSERT INTO room_sales (ROOM_ID,SALES_ID)
VALUES (10,33);
INSERT INTO room_sales (ROOM_ID,SALES_ID)
VALUES (10,34);
INSERT INTO room_sales (ROOM_ID,SALES_ID)
VALUES (9,35);
INSERT INTO room_sales (ROOM_ID,SALES_ID)
VALUES (5,36);
INSERT INTO room_sales (ROOM_ID,SALES_ID)
VALUES (4,37);
INSERT INTO room_sales (ROOM_ID,SALES_ID)
VALUES (2,38);
INSERT INTO room_sales (ROOM_ID,SALES_ID)
VALUES (2,39);
INSERT INTO room_sales (ROOM_ID,SALES_ID)
VALUES (7,40);
INSERT INTO room_sales (ROOM_ID,SALES_ID)
VALUES (9,41);
INSERT INTO room_sales (ROOM_ID,SALES_ID)
VALUES (9,42);
INSERT INTO room_sales (ROOM_ID,SALES_ID)
VALUES (8,43);
INSERT INTO room_sales (ROOM_ID,SALES_ID)
VALUES (5,44);
INSERT INTO room_sales (ROOM_ID,SALES_ID)
VALUES (9,45);
INSERT INTO room_sales (ROOM_ID,SALES_ID)
VALUES (4,46);
INSERT INTO room_sales (ROOM_ID,SALES_ID)
VALUES (8,47);
INSERT INTO room_sales (ROOM_ID,SALES_ID)
VALUES (8,48);
INSERT INTO room_sales (ROOM_ID,SALES_ID)
VALUES (6,49);
INSERT INTO room_sales (ROOM_ID,SALES_ID)
VALUES (8,50);
INSERT INTO room_sales (ROOM_ID,SALES_ID)
VALUES (9,51);
INSERT INTO room_sales (ROOM_ID,SALES_ID)
VALUES (2,52);
INSERT INTO room_sales (ROOM_ID,SALES_ID)
VALUES (1,53);
INSERT INTO room_sales (ROOM_ID,SALES_ID)
VALUES (1,54);
INSERT INTO room_sales (ROOM_ID,SALES_ID)
VALUES (2,55);
INSERT INTO room_sales (ROOM_ID,SALES_ID)
VALUES (3,56);
INSERT INTO room_sales (ROOM_ID,SALES_ID)
VALUES (6,57);
INSERT INTO room_sales (ROOM_ID,SALES_ID)
VALUES (9,58);
INSERT INTO room_sales (ROOM_ID,SALES_ID)
VALUES (2,59);
INSERT INTO room_sales (ROOM_ID,SALES_ID)
VALUES (8,60);
