
INSERT INTO Base_User (id,ADRESSE, BASEUSER_ROLE, EMAIL, ENABLED, FIRST_NAME, LAST_NAME, LOCKED, PASSWORD)
VALUES (1,'Ap 1552 Cursus. Road, 535555, Limburg, France', 'USER', 'spiderman@avengers.com', 1, 'Peter', 'Parker', 0, 'spiderman');
INSERT INTO Base_User (id,ADRESSE, BASEUSER_ROLE, EMAIL, ENABLED, FIRST_NAME, LAST_NAME, LOCKED, PASSWORD)
VALUES (2,'681-1514 Libero Ave, 9451, Vermont, Italy', 'USER', 'ironman@avengers.com', 1, 'Tony', 'Stark', 0, 'ironman');
INSERT INTO Base_User (id,ADRESSE, BASEUSER_ROLE, EMAIL, ENABLED, FIRST_NAME, LAST_NAME, LOCKED, PASSWORD)
VALUES (3,'Ap 657 Risus, Rd., 2652, Kogi, Australia', 'USER', 'hulk@avengers.com', 1, 'Bruce', 'Benner', 0, 'hulk');

INSERT INTO Category (id,CATEGORY_NAME, CATEGORY_DESCRIPTION)
VALUES (1,'Ameublement', 'Vente des meubles');
INSERT INTO Category (id,CATEGORY_NAME, CATEGORY_DESCRIPTION)
VALUES (2,'Voitures', 'Vente des voitures');
INSERT INTO Category (id,CATEGORY_NAME, CATEGORY_DESCRIPTION)
VALUES (3,'Multimedia', 'Vente des ordinateurs');

INSERT INTO Room (id,CATEGORY_ID, ROOM_TYPE)
VALUES (1,1,'UP');
INSERT INTO Room (id,CATEGORY_ID, ROOM_TYPE)
VALUES (2,2,'UP');
INSERT INTO Room (id,CATEGORY_ID, ROOM_TYPE)
VALUES (3,3,'DOWN');

INSERT INTO Product (id,BENEFICE_PRICE,PRODUCT_NAME,CATEGORY_ID, STOCK, BASE_USER_ID)
VALUES (1,6841,'Table basse',1, 3, 1);
INSERT INTO Product (id,BENEFICE_PRICE,PRODUCT_NAME,CATEGORY_ID, STOCK, BASE_USER_ID)
VALUES (2,20380,'Chaise bureau',1, 4, 2);
INSERT INTO Product (id,BENEFICE_PRICE,PRODUCT_NAME,CATEGORY_ID, STOCK, BASE_USER_ID)
VALUES (3,19531,'Bureau',1, 4, 3);
INSERT INTO Product (id,BENEFICE_PRICE,PRODUCT_NAME,CATEGORY_ID, STOCK, BASE_USER_ID)
VALUES (4,25020,'Dell A303',3, 4, 1);
INSERT INTO Product (id,BENEFICE_PRICE,PRODUCT_NAME,CATEGORY_ID, STOCK, BASE_USER_ID)
VALUES (5,14418,'Tesla Model S',2, 4, 2);
INSERT INTO Product (id,BENEFICE_PRICE,PRODUCT_NAME,CATEGORY_ID, STOCK, BASE_USER_ID)
VALUES (6,17277,'Asus H89',3, 4, 3);
INSERT INTO Product (id,BENEFICE_PRICE,PRODUCT_NAME,CATEGORY_ID, STOCK, BASE_USER_ID)
VALUES (7,3932,'Armoire lourd',1, 4, 2);
INSERT INTO Product (id,BENEFICE_PRICE,PRODUCT_NAME,CATEGORY_ID, STOCK, BASE_USER_ID)
VALUES (8,2470,'BMW X3',2, 4, 3);
INSERT INTO Product (id,BENEFICE_PRICE,PRODUCT_NAME,CATEGORY_ID, STOCK, BASE_USER_ID)
VALUES (9,16691,'MacBook Pro',3, 4, 2);
INSERT INTO Product (id,BENEFICE_PRICE,PRODUCT_NAME,CATEGORY_ID, STOCK, BASE_USER_ID)
VALUES (10,20378,'Chaise roulante',1, 4, 1);
INSERT INTO Product (id,BENEFICE_PRICE,PRODUCT_NAME,CATEGORY_ID, STOCK, BASE_USER_ID)
VALUES (11,21330,'Tesla Model 3',2, 4, 3);
INSERT INTO Product (id,BENEFICE_PRICE,PRODUCT_NAME,CATEGORY_ID, STOCK, BASE_USER_ID)
VALUES (12,24389,'Acer O903',3, 4, 1);
INSERT INTO Product (id,BENEFICE_PRICE,PRODUCT_NAME,CATEGORY_ID, STOCK, BASE_USER_ID)
VALUES (13,16503,'Lit double',1, 4, 2);
INSERT INTO Product (id,BENEFICE_PRICE,PRODUCT_NAME,CATEGORY_ID, STOCK, BASE_USER_ID)
VALUES (14,25591,'Porche 911',2, 4, 1);

INSERT INTO Lot (id,QUANTITY_TO_SELL,PRODUCT_ID)
VALUES (1,3,1);
INSERT INTO Lot (id,QUANTITY_TO_SELL,PRODUCT_ID)
VALUES (2,3,2);
INSERT INTO Lot (id,QUANTITY_TO_SELL,PRODUCT_ID)
VALUES (3,3,3);
INSERT INTO Lot (id,QUANTITY_TO_SELL,PRODUCT_ID)
VALUES (4,3,4);
INSERT INTO Lot (id,QUANTITY_TO_SELL,PRODUCT_ID)
VALUES (5,2,5);
INSERT INTO Lot (id,QUANTITY_TO_SELL,PRODUCT_ID)
VALUES (6,1,6);
INSERT INTO Lot (id,QUANTITY_TO_SELL,PRODUCT_ID)
VALUES (7,2,7);
INSERT INTO Lot (id,QUANTITY_TO_SELL,PRODUCT_ID)
VALUES (8,2,8);
INSERT INTO Lot (id,QUANTITY_TO_SELL,PRODUCT_ID)
VALUES (9,2,9);
INSERT INTO Lot (id,QUANTITY_TO_SELL,PRODUCT_ID)
VALUES (10,3,10);
INSERT INTO Lot (id,QUANTITY_TO_SELL,PRODUCT_ID)
VALUES (11,1,11);
INSERT INTO Lot (id,QUANTITY_TO_SELL,PRODUCT_ID)
VALUES (12,2,12);
INSERT INTO Lot (id,QUANTITY_TO_SELL,PRODUCT_ID)
VALUES (13,3,13);
INSERT INTO Lot (id,QUANTITY_TO_SELL,PRODUCT_ID)
VALUES (14,3,14);

INSERT INTO Sale (ID,CLOSED,END_TSTAMP,LIMITED,MULTIPLE_OFFER,REVOCABLE,START_PRICE,START_TSTAMP,LOT_ID, LAST_REFRESH)
VALUES (1,0,NULL,0,1,0,37953,CURRENT_TIMESTAMP,1, CURRENT_TIMESTAMP);
INSERT INTO Sale (ID,CLOSED,END_TSTAMP,LIMITED,MULTIPLE_OFFER,REVOCABLE,START_PRICE,START_TSTAMP,LOT_ID, LAST_REFRESH)
VALUES (2,0,NULL,0,0,0,28120,CURRENT_TIMESTAMP,2, CURRENT_TIMESTAMP);
INSERT INTO Sale (ID,CLOSED,END_TSTAMP,LIMITED,MULTIPLE_OFFER,REVOCABLE,START_PRICE,START_TSTAMP,LOT_ID, LAST_REFRESH)
VALUES (3,0,NULL,0,0,1,1752,CURRENT_TIMESTAMP,3, CURRENT_TIMESTAMP);
INSERT INTO Sale (ID,CLOSED,END_TSTAMP,LIMITED,MULTIPLE_OFFER,REVOCABLE,START_PRICE,START_TSTAMP,LOT_ID, LAST_REFRESH)
VALUES (4,0,NULL,0,1,1,22594,CURRENT_TIMESTAMP,4, CURRENT_TIMESTAMP);
INSERT INTO Sale (ID,CLOSED,END_TSTAMP,LIMITED,MULTIPLE_OFFER,REVOCABLE,START_PRICE,START_TSTAMP,LOT_ID, LAST_REFRESH)
VALUES (5,0,NULL,0,1,0,37696,CURRENT_TIMESTAMP,5, CURRENT_TIMESTAMP);
INSERT INTO Sale (ID,CLOSED,END_TSTAMP,LIMITED,MULTIPLE_OFFER,REVOCABLE,START_PRICE,START_TSTAMP,LOT_ID, LAST_REFRESH)
VALUES (6,0,NULL,0,0,0,31570,CURRENT_TIMESTAMP,6, CURRENT_TIMESTAMP);
INSERT INTO Sale (ID,CLOSED,END_TSTAMP,LIMITED,MULTIPLE_OFFER,REVOCABLE,START_PRICE,START_TSTAMP,LOT_ID, LAST_REFRESH)
VALUES (7,0,NULL,0,1,0,34893,CURRENT_TIMESTAMP,7, CURRENT_TIMESTAMP);
INSERT INTO Sale (ID,CLOSED,END_TSTAMP,LIMITED,MULTIPLE_OFFER,REVOCABLE,START_PRICE,START_TSTAMP,LOT_ID, LAST_REFRESH)
VALUES (8,0,NULL,0,1,0,22549,CURRENT_TIMESTAMP,8, CURRENT_TIMESTAMP);
INSERT INTO Sale (ID,CLOSED,END_TSTAMP,LIMITED,MULTIPLE_OFFER,REVOCABLE,START_PRICE,START_TSTAMP,LOT_ID, LAST_REFRESH)
VALUES (9,0,NULL,0,1,0,26567,CURRENT_TIMESTAMP,9, CURRENT_TIMESTAMP);
INSERT INTO Sale (ID,CLOSED,END_TSTAMP,LIMITED,MULTIPLE_OFFER,REVOCABLE,START_PRICE,START_TSTAMP,LOT_ID, LAST_REFRESH)
VALUES (10,0,NULL,0,0,1,3623,CURRENT_TIMESTAMP,10, CURRENT_TIMESTAMP);
INSERT INTO Sale (ID,CLOSED,END_TSTAMP,LIMITED,MULTIPLE_OFFER,REVOCABLE,START_PRICE,START_TSTAMP,LOT_ID, LAST_REFRESH)
VALUES (11,0,NULL,0,0,1,27492,CURRENT_TIMESTAMP,11, CURRENT_TIMESTAMP);
INSERT INTO Sale (ID,CLOSED,END_TSTAMP,LIMITED,MULTIPLE_OFFER,REVOCABLE,START_PRICE,START_TSTAMP,LOT_ID, LAST_REFRESH)
VALUES (12,0,NULL,0,1,0,36293,CURRENT_TIMESTAMP,12, CURRENT_TIMESTAMP);
INSERT INTO Sale (ID,CLOSED,END_TSTAMP,LIMITED,MULTIPLE_OFFER,REVOCABLE,START_PRICE,START_TSTAMP,LOT_ID, LAST_REFRESH)
VALUES (13,0,NULL,0,1,0,28833,CURRENT_TIMESTAMP,13, CURRENT_TIMESTAMP);
INSERT INTO Sale (ID,CLOSED,END_TSTAMP,LIMITED,MULTIPLE_OFFER,REVOCABLE,START_PRICE,START_TSTAMP,LOT_ID, LAST_REFRESH)
VALUES (14,0,NULL,0,0,1,17440,CURRENT_TIMESTAMP,14, CURRENT_TIMESTAMP);

INSERT INTO room_sales (ROOM_ID,SALES_ID)
VALUES (1,1);
INSERT INTO room_sales (ROOM_ID,SALES_ID)
VALUES (1,2);
INSERT INTO room_sales (ROOM_ID,SALES_ID)
VALUES (1,3);
INSERT INTO room_sales (ROOM_ID,SALES_ID)
VALUES (3,4);
INSERT INTO room_sales (ROOM_ID,SALES_ID)
VALUES (2,5);
INSERT INTO room_sales (ROOM_ID,SALES_ID)
VALUES (3,6);
INSERT INTO room_sales (ROOM_ID,SALES_ID)
VALUES (1,7);
INSERT INTO room_sales (ROOM_ID,SALES_ID)
VALUES (2,8);
INSERT INTO room_sales (ROOM_ID,SALES_ID)
VALUES (3,9);
INSERT INTO room_sales (ROOM_ID,SALES_ID)
VALUES (1,10);
INSERT INTO room_sales (ROOM_ID,SALES_ID)
VALUES (2,11);
INSERT INTO room_sales (ROOM_ID,SALES_ID)
VALUES (3,12);
INSERT INTO room_sales (ROOM_ID,SALES_ID)
VALUES (1,13);
INSERT INTO room_sales (ROOM_ID,SALES_ID)
VALUES (2,14);
